Última Atualização,Submercado,Carga_Verificada,Dia,Mês,Ano,Hora,Minuto
18/03/2021 13:23,N,5733.2,18,3,2021,13:23,
18/03/2021 13:23,NE,12006.2,18,3,2021,13:23,
18/03/2021 13:23,SE,45816.5,18,3,2021,13:23,
18/03/2021 13:23,S,14341.1,18,3,2021,13:23,
18/03/2021 13:33,N,5775.8,18,3,2021,13:33,
18/03/2021 13:33,NE,12075.2,18,3,2021,13:33,
18/03/2021 13:33,SE,45865.3,18,3,2021,13:33,
18/03/2021 13:33,S,14572.6,18,3,2021,13:33,
18/03/2021 14:24,N,5948.1,18,3,2021,14:24,
18/03/2021 14:24,NE,12425.4,18,3,2021,14:24,
18/03/2021 14:24,SE,46910.4,18,3,2021,14:24,
18/03/2021 14:24,S,14948.3,18,3,2021,14:24,
18/03/2021 14:49,N,5884.2,18,3,2021,14:49,
18/03/2021 14:49,NE,12501.9,18,3,2021,14:49,
18/03/2021 14:49,SE,47063.4,18,3,2021,14:49,
18/03/2021 14:49,S,15030.3,18,3,2021,14:49,
18/03/2021 14:50,N,5893.8,18,3,2021,14:50,
18/03/2021 14:50,NE,12498.8,18,3,2021,14:50,
18/03/2021 14:50,SE,47021.4,18,3,2021,14:50,
18/03/2021 14:50,S,15047.7,18,3,2021,14:50,
18/03/2021 15:09,N,5897.3,18,3,2021,15:09,
18/03/2021 15:09,NE,12473.1,18,3,2021,15:09,
18/03/2021 15:09,SE,47025.8,18,3,2021,15:09,
18/03/2021 15:09,S,15074.6,18,3,2021,15:09,
18/03/2021 15:30,N,5900.2,18,3,2021,15:30,
18/03/2021 15:30,NE,12514.6,18,3,2021,15:30,
18/03/2021 15:30,SE,47409.3,18,3,2021,15:30,
18/03/2021 15:30,S,15177.3,18,3,2021,15:30,
18/03/2021 15:32,N,5905.8,18,3,2021,15:32,
18/03/2021 15:32,NE,12503.1,18,3,2021,15:32,
18/03/2021 15:32,SE,47366.6,18,3,2021,15:32,
18/03/2021 15:32,S,15169.7,18,3,2021,15:32,
18/03/2021 16:16,N,5905.1,18,3,2021,16:16,
18/03/2021 16:16,NE,12292.5,18,3,2021,16:16,
18/03/2021 16:16,SE,47450.4,18,3,2021,16:16,
18/03/2021 16:16,S,15268.2,18,3,2021,16:16,
18/03/2021 17:09,N,5772.8,18,3,2021,17:09,
18/03/2021 17:09,NE,11552.8,18,3,2021,17:09,
18/03/2021 17:09,SE,45737.1,18,3,2021,17:09,
18/03/2021 17:09,S,15101,18,3,2021,17:09,
18/03/2021 17:16,N,5723.3,18,3,2021,17:16,
18/03/2021 17:16,NE,11507.4,18,3,2021,17:16,
18/03/2021 17:16,SE,45787.7,18,3,2021,17:16,
18/03/2021 17:16,S,15066.5,18,3,2021,17:16,
18/03/2021 17:32,N,"5667,7",18,3,2021,17:34,
18/03/2021 17:32,NE,"11438,8",18,3,2021,17:34,
18/03/2021 17:32,SE,"45461,3",18,3,2021,17:34,
18/03/2021 17:32,S,"14749,6",18,3,2021,17:34,
19/03/2021 10:43,N,"5692,5",19,3,2021,10:45,
19/03/2021 10:43,NE,"11532,1",19,3,2021,10:45,
19/03/2021 10:43,SE,"44967,2",19,3,2021,10:45,
19/03/2021 10:43,S,"14557,8",19,3,2021,10:45,
19/03/2021 10:58,N,"5638,7",19,3,2021,11:00,
19/03/2021 10:58,NE,"11447,4",19,3,2021,11:00,
19/03/2021 10:58,SE,"44838,9",19,3,2021,11:00,
19/03/2021 10:58,S,"14670,0",19,3,2021,11:00,
19/03/2021 11:13,N,"5583,4",19,3,2021,11:15,
19/03/2021 11:13,NE,"11392,2",19,3,2021,11:15,
19/03/2021 11:13,SE,"44754,8",19,3,2021,11:15,
19/03/2021 11:13,S,"14717,8",19,3,2021,11:15,
19/03/2021 11:28,N,"5445,2",19,3,2021,11:30,
19/03/2021 11:28,NE,"11456,9",19,3,2021,11:30,
19/03/2021 11:28,SE,"44979,2",19,3,2021,11:30,
19/03/2021 11:28,S,"14604,4",19,3,2021,11:30,
19/03/2021 11:43,N,"5564,3",19,3,2021,11:45,
19/03/2021 11:43,NE,"11417,9",19,3,2021,11:45,
19/03/2021 11:43,SE,"44856,3",19,3,2021,11:45,
19/03/2021 11:43,S,"14346,7",19,3,2021,11:45,
,N,{{norte_verificada}},19,3,2021,12:10,
,NE,{{nordeste_verificada}},19,3,2021,12:10,
,SE,{{sudeste_verificada}},19,3,2021,12:10,
,S,{{sul_verificada}},19,3,2021,12:10,
19/03/2021 12:13,N,"5550,4",19,3,2021,12:15,
19/03/2021 12:13,NE,"11381,2",19,3,2021,12:15,
19/03/2021 12:13,SE,"44885,9",19,3,2021,12:15,
19/03/2021 12:13,S,"13560,5",19,3,2021,12:15,
,N,{{norte_verificada}},19,3,2021,12:30,
,NE,{{nordeste_verificada}},19,3,2021,12:30,
,SE,{{sudeste_verificada}},19,3,2021,12:30,
,S,{{sul_verificada}},19,3,2021,12:30,
19/03/2021 12:43,N,"5415,5",19,3,2021,12:45,
19/03/2021 12:43,NE,"11307,5",19,3,2021,12:45,
19/03/2021 12:43,SE,"44989,3",19,3,2021,12:45,
19/03/2021 12:43,S,"13641,2",19,3,2021,12:45,
19/03/2021 12:58,N,"5441,9",19,3,2021,13:00,
19/03/2021 12:58,NE,"11426,4",19,3,2021,13:00,
19/03/2021 12:58,SE,"45329,1",19,3,2021,13:00,
19/03/2021 12:58,S,"13673,2",19,3,2021,13:00,
19/03/2021 13:13,N,"5497,0",19,3,2021,13:16,
19/03/2021 13:13,NE,"11585,8",19,3,2021,13:16,
19/03/2021 13:13,SE,"45816,0",19,3,2021,13:16,
19/03/2021 13:13,S,"14162,1",19,3,2021,13:16,
19/03/2021 13:28,N,"5410,7",19,3,2021,13:30,
19/03/2021 13:28,NE,"11720,6",19,3,2021,13:30,
19/03/2021 13:28,SE,"46206,2",19,3,2021,13:30,
19/03/2021 13:28,S,"14425,4",19,3,2021,13:30,
19/03/2021 13:43,N,"5532,9",19,3,2021,13:45,
19/03/2021 13:43,NE,"11771,1",19,3,2021,13:45,
19/03/2021 13:43,SE,"46625,9",19,3,2021,13:45,
19/03/2021 13:43,S,"14801,9",19,3,2021,13:45,
,N,{{norte_verificada}},19,3,2021,14:00,
,NE,{{nordeste_verificada}},19,3,2021,14:00,
,SE,{{sudeste_verificada}},19,3,2021,14:00,
,S,{{sul_verificada}},19,3,2021,14:00,
19/03/2021 14:13,N,"5747,8",19,3,2021,14:15,
19/03/2021 14:13,NE,"11911,1",19,3,2021,14:15,
19/03/2021 14:13,SE,"46828,7",19,3,2021,14:15,
19/03/2021 14:13,S,"15106,3",19,3,2021,14:15,
19/03/2021 14:28,N,"5813,7",19,3,2021,14:30,
19/03/2021 14:28,NE,"11956,5",19,3,2021,14:30,
19/03/2021 14:28,SE,"46919,4",19,3,2021,14:30,
19/03/2021 14:28,S,"15058,9",19,3,2021,14:30,
19/03/2021 14:43,N,"5904,4",19,3,2021,14:45,
19/03/2021 14:43,NE,"11953,8",19,3,2021,14:45,
19/03/2021 14:43,SE,"46831,6",19,3,2021,14:45,
19/03/2021 14:43,S,"15132,1",19,3,2021,14:45,
19/03/2021 14:58,N,"5889,3",19,3,2021,15:00,
19/03/2021 14:58,NE,"11968,3",19,3,2021,15:00,
19/03/2021 14:58,SE,"46961,1",19,3,2021,15:00,
19/03/2021 14:58,S,"15189,2",19,3,2021,15:00,
19/03/2021 15:13,N,"5899,8",19,3,2021,15:15,
19/03/2021 15:13,NE,"11919,9",19,3,2021,15:15,
19/03/2021 15:13,SE,"46833,6",19,3,2021,15:15,
19/03/2021 15:13,S,"15168,2",19,3,2021,15:15,
19/03/2021 15:28,N,"5924,9",19,3,2021,15:30,
19/03/2021 15:28,NE,"11907,7",19,3,2021,15:30,
19/03/2021 15:28,SE,"47066,9",19,3,2021,15:30,
19/03/2021 15:28,S,"15225,2",19,3,2021,15:30,
19/03/2021 15:43,N,"5884,5",19,3,2021,15:45,
19/03/2021 15:43,NE,"11892,4",19,3,2021,15:45,
19/03/2021 15:43,SE,"46843,2",19,3,2021,15:45,
19/03/2021 15:43,S,"15208,5",19,3,2021,15:45,
19/03/2021 15:58,N,"5875,9",19,3,2021,16:00,
19/03/2021 15:58,NE,"11807,3",19,3,2021,16:00,
19/03/2021 15:58,SE,"46483,2",19,3,2021,16:00,
19/03/2021 15:58,S,"15210,8",19,3,2021,16:00,
19/03/2021 16:13,N,"5843,3",19,3,2021,16:15,
19/03/2021 16:13,NE,"11715,4",19,3,2021,16:15,
19/03/2021 16:13,SE,"46326,6",19,3,2021,16:15,
19/03/2021 16:13,S,"15175,6",19,3,2021,16:15,
19/03/2021 16:28,N,"5832,7",19,3,2021,16:30,
19/03/2021 16:28,NE,"11570,4",19,3,2021,16:30,
19/03/2021 16:28,SE,"46347,2",19,3,2021,16:30,
19/03/2021 16:28,S,"15178,1",19,3,2021,16:30,
19/03/2021 16:43,N,"5870,4",19,3,2021,16:45,
19/03/2021 16:43,NE,"11442,5",19,3,2021,16:45,
19/03/2021 16:43,SE,"46158,2",19,3,2021,16:45,
19/03/2021 16:43,S,"15158,2",19,3,2021,16:45,
,N,{{norte_verificada}},19,3,2021,17:00,
,NE,{{nordeste_verificada}},19,3,2021,17:00,
,SE,{{sudeste_verificada}},19,3,2021,17:00,
,S,{{sul_verificada}},19,3,2021,17:00,
,N,{{norte_verificada}},19,3,2021,17:34,
,NE,{{nordeste_verificada}},19,3,2021,17:34,
,SE,{{sudeste_verificada}},19,3,2021,17:34,
,S,{{sul_verificada}},19,3,2021,17:34,
,N,{{norte_verificada}},19,3,2021,17:49,
,NE,{{nordeste_verificada}},19,3,2021,17:49,
,SE,{{sudeste_verificada}},19,3,2021,17:49,
,S,{{sul_verificada}},19,3,2021,17:49,
,N,{{norte_verificada}},19,3,2021,18:06,
,NE,{{nordeste_verificada}},19,3,2021,18:06,
,SE,{{sudeste_verificada}},19,3,2021,18:06,
,S,{{sul_verificada}},19,3,2021,18:06,
,N,{{norte_verificada}},19,3,2021,18:21,
,NE,{{nordeste_verificada}},19,3,2021,18:21,
,SE,{{sudeste_verificada}},19,3,2021,18:21,
,S,{{sul_verificada}},19,3,2021,18:21,
,N,{{norte_verificada}},19,3,2021,18:51,
,NE,{{nordeste_verificada}},19,3,2021,18:51,
,SE,{{sudeste_verificada}},19,3,2021,18:51,
,S,{{sul_verificada}},19,3,2021,18:51,
,N,{{norte_verificada}},19,3,2021,19:06,
,NE,{{nordeste_verificada}},19,3,2021,19:06,
,SE,{{sudeste_verificada}},19,3,2021,19:06,
,S,{{sul_verificada}},19,3,2021,19:06,
,N,{{norte_verificada}},19,3,2021,19:21,
,NE,{{nordeste_verificada}},19,3,2021,19:21,
,SE,{{sudeste_verificada}},19,3,2021,19:21,
,S,{{sul_verificada}},19,3,2021,19:21,
,N,{{norte_verificada}},19,3,2021,19:36,
,NE,{{nordeste_verificada}},19,3,2021,19:36,
,SE,{{sudeste_verificada}},19,3,2021,19:36,
,S,{{sul_verificada}},19,3,2021,19:36,
,N,{{norte_verificada}},19,3,2021,19:51,
,NE,{{nordeste_verificada}},19,3,2021,19:51,
,SE,{{sudeste_verificada}},19,3,2021,19:51,
,S,{{sul_verificada}},19,3,2021,19:51,
,N,{{norte_verificada}},19,3,2021,20:05,
,NE,{{nordeste_verificada}},19,3,2021,20:05,
,SE,{{sudeste_verificada}},19,3,2021,20:05,
,S,{{sul_verificada}},19,3,2021,20:05,
,N,{{norte_verificada}},19,3,2021,20:21,
,NE,{{nordeste_verificada}},19,3,2021,20:21,
,SE,{{sudeste_verificada}},19,3,2021,20:21,
,S,{{sul_verificada}},19,3,2021,20:21,
,N,{{norte_verificada}},19,3,2021,20:36,
,NE,{{nordeste_verificada}},19,3,2021,20:36,
,SE,{{sudeste_verificada}},19,3,2021,20:36,
,S,{{sul_verificada}},19,3,2021,20:36,
,N,{{norte_verificada}},19,3,2021,20:51,
,NE,{{nordeste_verificada}},19,3,2021,20:51,
,SE,{{sudeste_verificada}},19,3,2021,20:51,
,S,{{sul_verificada}},19,3,2021,20:51,
,N,{{norte_verificada}},19,3,2021,21:06,
,NE,{{nordeste_verificada}},19,3,2021,21:06,
,SE,{{sudeste_verificada}},19,3,2021,21:06,
,S,{{sul_verificada}},19,3,2021,21:06,
,N,{{norte_verificada}},19,3,2021,21:21,
,NE,{{nordeste_verificada}},19,3,2021,21:21,
,SE,{{sudeste_verificada}},19,3,2021,21:21,
,S,{{sul_verificada}},19,3,2021,21:21,
,N,{{norte_verificada}},19,3,2021,21:36,
,NE,{{nordeste_verificada}},19,3,2021,21:36,
,SE,{{sudeste_verificada}},19,3,2021,21:36,
,S,{{sul_verificada}},19,3,2021,21:36,
20/03/2021 08:59,N,"5204,6",20,3,2021,09:01,
20/03/2021 08:59,NE,"9913,6",20,3,2021,09:01,
20/03/2021 08:59,SE,"37872,9",20,3,2021,09:01,
20/03/2021 08:59,S,"11573,9",20,3,2021,09:01,
20/03/2021 11:08,N,"5253,7",20,3,2021,11:10,
20/03/2021 11:08,NE,"10107,8",20,3,2021,11:10,
20/03/2021 11:08,SE,"39340,4",20,3,2021,11:10,
20/03/2021 11:08,S,"11998,2",20,3,2021,11:10,
20/03/2021 11:13,N,"5241,2",20,3,2021,11:15,
20/03/2021 11:13,NE,"10125,4",20,3,2021,11:15,
20/03/2021 11:13,SE,"39372,4",20,3,2021,11:15,
20/03/2021 11:13,S,"11951,9",20,3,2021,11:15,
20/03/2021 11:33,N,"5228,1",20,3,2021,11:36,
20/03/2021 11:33,NE,"10213,2",20,3,2021,11:36,
20/03/2021 11:33,SE,"39622,0",20,3,2021,11:36,
20/03/2021 11:33,S,"12048,6",20,3,2021,11:36,
20/03/2021 11:38,N,"5213,0",20,3,2021,11:40,
20/03/2021 11:38,NE,"10196,4",20,3,2021,11:40,
20/03/2021 11:38,SE,"39687,5",20,3,2021,11:40,
20/03/2021 11:38,S,"12052,3",20,3,2021,11:40,
20/03/2021 11:43,N,"5231,0",20,3,2021,11:45,
20/03/2021 11:43,NE,"10167,5",20,3,2021,11:45,
20/03/2021 11:43,SE,"39765,9",20,3,2021,11:45,
20/03/2021 11:43,S,"12058,2",20,3,2021,11:45,
20/03/2021 12:14,N,"5230,4",20,3,2021,12:16,
20/03/2021 12:14,NE,"10199,4",20,3,2021,12:16,
20/03/2021 12:14,SE,"39870,5",20,3,2021,12:16,
20/03/2021 12:14,S,"11707,3",20,3,2021,12:16,
,N,{{norte_verificada}},21,3,2021,12:40,
,NE,{{nordeste_verificada}},21,3,2021,12:40,
,SE,{{sudeste_verificada}},21,3,2021,12:40,
,S,{{sul_verificada}},21,3,2021,12:40,
21/03/2021 18:14,N,"5460,4",21,3,2021,18:16,
21/03/2021 18:14,NE,"11421,7",21,3,2021,18:16,
21/03/2021 18:14,SE,"41093,8",21,3,2021,18:16,
21/03/2021 18:14,S,"11890,0",21,3,2021,18:16,
21/03/2021 19:30,N,"5867,6",21,3,2021,19:32,
21/03/2021 19:30,NE,"11566,2",21,3,2021,19:32,
21/03/2021 19:30,SE,"45665,4",21,3,2021,19:32,
21/03/2021 19:30,S,"13630,1",21,3,2021,19:32,
21/03/2021 19:39,N,"5828,3",21,3,2021,19:41,
21/03/2021 19:39,NE,"11581,0",21,3,2021,19:41,
21/03/2021 19:39,SE,"45456,1",21,3,2021,19:41,
21/03/2021 19:39,S,"13562,5",21,3,2021,19:41,
21/03/2021 19:43,N,"5811,4",21,3,2021,19:45,
21/03/2021 19:43,NE,"11572,7",21,3,2021,19:45,
21/03/2021 19:43,SE,"45360,8",21,3,2021,19:45,
21/03/2021 19:43,S,"13537,2",21,3,2021,19:45,
21/03/2021 19:54,N,"5849,1",21,3,2021,19:56,
21/03/2021 19:54,NE,"11578,4",21,3,2021,19:56,
21/03/2021 19:54,SE,"45381,0",21,3,2021,19:56,
21/03/2021 19:54,S,"13481,8",21,3,2021,19:56,
21/03/2021 19:58,N,"5668,5",21,3,2021,20:00,
21/03/2021 19:58,NE,"11578,7",21,3,2021,20:00,
21/03/2021 19:58,SE,"45526,7",21,3,2021,20:00,
21/03/2021 19:58,S,"13450,0",21,3,2021,20:00,
21/03/2021 20:09,N,"5725,1",21,3,2021,20:11,
21/03/2021 20:09,NE,"11573,2",21,3,2021,20:11,
21/03/2021 20:09,SE,"45388,6",21,3,2021,20:11,
21/03/2021 20:09,S,"13395,2",21,3,2021,20:11,
21/03/2021 20:13,N,"5730,7",21,3,2021,20:15,
21/03/2021 20:13,NE,"11607,7",21,3,2021,20:15,
21/03/2021 20:13,SE,"45623,2",21,3,2021,20:15,
21/03/2021 20:13,S,"13396,7",21,3,2021,20:15,
21/03/2021 20:24,N,"5796,5",21,3,2021,20:26,
21/03/2021 20:24,NE,"11622,9",21,3,2021,20:26,
21/03/2021 20:24,SE,"45308,6",21,3,2021,20:26,
21/03/2021 20:24,S,"13261,5",21,3,2021,20:26,
21/03/2021 20:28,N,"5843,4",21,3,2021,20:30,
21/03/2021 20:28,NE,"11632,5",21,3,2021,20:30,
21/03/2021 20:28,SE,"45274,8",21,3,2021,20:30,
21/03/2021 20:28,S,"13251,6",21,3,2021,20:30,
21/03/2021 20:39,N,"5866,9",21,3,2021,20:41,
21/03/2021 20:39,NE,"11641,3",21,3,2021,20:41,
21/03/2021 20:39,SE,"45119,9",21,3,2021,20:41,
21/03/2021 20:39,S,"13194,0",21,3,2021,20:41,
21/03/2021 20:43,N,"5855,1",21,3,2021,20:45,
21/03/2021 20:43,NE,"11646,3",21,3,2021,20:45,
21/03/2021 20:43,SE,"45089,9",21,3,2021,20:45,
21/03/2021 20:43,S,"13190,0",21,3,2021,20:45,
21/03/2021 20:54,N,"5860,2",21,3,2021,20:56,
21/03/2021 20:54,NE,"11660,2",21,3,2021,20:56,
21/03/2021 20:54,SE,"44926,3",21,3,2021,20:56,
21/03/2021 20:54,S,"13087,6",21,3,2021,20:56,
21/03/2021 20:58,N,"5864,2",21,3,2021,21:00,
21/03/2021 20:58,NE,"11685,7",21,3,2021,21:00,
21/03/2021 20:58,SE,"44860,7",21,3,2021,21:00,
21/03/2021 20:58,S,"13085,3",21,3,2021,21:00,
21/03/2021 21:09,N,"5923,7",21,3,2021,21:11,
21/03/2021 21:09,NE,"11784,4",21,3,2021,21:11,
21/03/2021 21:09,SE,"44617,8",21,3,2021,21:11,
21/03/2021 21:09,S,"13108,5",21,3,2021,21:11,
21/03/2021 21:13,N,"5924,7",21,3,2021,21:15,
21/03/2021 21:13,NE,"11811,9",21,3,2021,21:15,
21/03/2021 21:13,SE,"44603,7",21,3,2021,21:15,
21/03/2021 21:13,S,"13021,5",21,3,2021,21:15,
22/03/2021 07:50,N,"5309,6",22,3,2021,07:52,
22/03/2021 07:50,NE,"10719,7",22,3,2021,07:52,
22/03/2021 07:50,SE,"40422,8",22,3,2021,07:52,
22/03/2021 07:50,S,"13689,8",22,3,2021,07:52,
22/03/2021 07:53,N,"5279,7",22,3,2021,07:55,
22/03/2021 07:53,NE,"10764,1",22,3,2021,07:55,
22/03/2021 07:53,SE,"40477,7",22,3,2021,07:55,
22/03/2021 07:53,S,"13766,9",22,3,2021,07:55,
22/03/2021 07:58,N,"5336,0",22,3,2021,08:00,
22/03/2021 07:58,NE,"10786,8",22,3,2021,08:00,
22/03/2021 07:58,SE,"40558,7",22,3,2021,08:00,
22/03/2021 07:58,S,"13927,5",22,3,2021,08:00,
22/03/2021 08:08,N,"5354,8",22,3,2021,08:10,
22/03/2021 08:08,NE,"10989,3",22,3,2021,08:10,
22/03/2021 08:08,SE,"41411,9",22,3,2021,08:10,
22/03/2021 08:08,S,"14166,4",22,3,2021,08:10,
22/03/2021 08:13,N,"5422,1",22,3,2021,08:15,
22/03/2021 08:13,NE,"10988,4",22,3,2021,08:15,
22/03/2021 08:13,SE,"41719,8",22,3,2021,08:15,
22/03/2021 08:13,S,"14225,7",22,3,2021,08:15,
22/03/2021 08:23,N,"5483,1",22,3,2021,08:25,
22/03/2021 08:23,NE,"11135,6",22,3,2021,08:25,
22/03/2021 08:23,SE,"42183,7",22,3,2021,08:25,
22/03/2021 08:23,S,"14378,4",22,3,2021,08:25,
22/03/2021 08:28,N,"5519,8",22,3,2021,08:30,
22/03/2021 08:28,NE,"11197,4",22,3,2021,08:30,
22/03/2021 08:28,SE,"42438,5",22,3,2021,08:30,
22/03/2021 08:28,S,"14432,7",22,3,2021,08:30,
22/03/2021 08:38,N,"5546,3",22,3,2021,08:40,
22/03/2021 08:38,NE,"11312,3",22,3,2021,08:40,
22/03/2021 08:38,SE,"42456,5",22,3,2021,08:40,
22/03/2021 08:38,S,"14546,6",22,3,2021,08:40,
22/03/2021 08:43,N,"5568,9",22,3,2021,08:45,
22/03/2021 08:43,NE,"11238,0",22,3,2021,08:45,
22/03/2021 08:43,SE,"42750,0",22,3,2021,08:45,
22/03/2021 08:43,S,"14542,5",22,3,2021,08:45,
22/03/2021 08:53,N,"5588,5",22,3,2021,08:55,
22/03/2021 08:53,NE,"11368,4",22,3,2021,08:55,
22/03/2021 08:53,SE,"42920,3",22,3,2021,08:55,
22/03/2021 08:53,S,"14605,9",22,3,2021,08:55,
,N,{{norte_verificada}},22,3,2021,09:00,
,NE,{{nordeste_verificada}},22,3,2021,09:00,
,SE,{{sudeste_verificada}},22,3,2021,09:00,
,S,{{sul_verificada}},22,3,2021,09:00,
22/03/2021 09:08,N,"5611,1",22,3,2021,09:10,
22/03/2021 09:08,NE,"11311,9",22,3,2021,09:10,
22/03/2021 09:08,SE,"43331,2",22,3,2021,09:10,
22/03/2021 09:08,S,"14532,5",22,3,2021,09:10,
22/03/2021 09:13,N,"5619,4",22,3,2021,09:15,
22/03/2021 09:13,NE,"11366,8",22,3,2021,09:15,
22/03/2021 09:13,SE,"43487,4",22,3,2021,09:15,
22/03/2021 09:13,S,"14563,1",22,3,2021,09:15,
22/03/2021 09:23,N,"5645,9",22,3,2021,09:25,
22/03/2021 09:23,NE,"11394,6",22,3,2021,09:25,
22/03/2021 09:23,SE,"43809,5",22,3,2021,09:25,
22/03/2021 09:23,S,"14648,5",22,3,2021,09:25,
22/03/2021 09:28,N,"5650,1",22,3,2021,09:30,
22/03/2021 09:28,NE,"11454,6",22,3,2021,09:30,
22/03/2021 09:28,SE,"43947,8",22,3,2021,09:30,
22/03/2021 09:28,S,"14687,5",22,3,2021,09:30,
22/03/2021 09:38,N,"5662,2",22,3,2021,09:40,
22/03/2021 09:38,NE,"11473,6",22,3,2021,09:40,
22/03/2021 09:38,SE,"43995,7",22,3,2021,09:40,
22/03/2021 09:38,S,"14729,7",22,3,2021,09:40,
22/03/2021 10:08,N,"5706,2",22,3,2021,10:10,
22/03/2021 10:08,NE,"11513,4",22,3,2021,10:10,
22/03/2021 10:08,SE,"44827,8",22,3,2021,10:10,
22/03/2021 10:08,S,"14930,8",22,3,2021,10:10,
22/03/2021 10:13,N,"5694,4",22,3,2021,10:15,
22/03/2021 10:13,NE,"11551,5",22,3,2021,10:15,
22/03/2021 10:13,SE,"44945,7",22,3,2021,10:15,
22/03/2021 10:13,S,"14979,9",22,3,2021,10:15,
22/03/2021 10:23,N,"5738,4",22,3,2021,10:25,
22/03/2021 10:23,NE,"11580,4",22,3,2021,10:25,
22/03/2021 10:23,SE,"45165,9",22,3,2021,10:25,
22/03/2021 10:23,S,"15042,7",22,3,2021,10:25,
22/03/2021 10:28,N,"5687,5",22,3,2021,10:30,
22/03/2021 10:28,NE,"11617,8",22,3,2021,10:30,
22/03/2021 10:28,SE,"45108,1",22,3,2021,10:30,
22/03/2021 10:28,S,"15090,5",22,3,2021,10:30,
22/03/2021 10:38,N,"5716,8",22,3,2021,10:40,
22/03/2021 10:38,NE,"11608,3",22,3,2021,10:40,
22/03/2021 10:38,SE,"45173,4",22,3,2021,10:40,
22/03/2021 10:38,S,"15156,6",22,3,2021,10:40,
22/03/2021 10:43,N,"5737,0",22,3,2021,10:45,
22/03/2021 10:43,NE,"11618,5",22,3,2021,10:45,
22/03/2021 10:43,SE,"45245,7",22,3,2021,10:45,
22/03/2021 10:43,S,"15172,3",22,3,2021,10:45,
22/03/2021 10:53,N,"5720,2",22,3,2021,10:55,
22/03/2021 10:53,NE,"11604,9",22,3,2021,10:55,
22/03/2021 10:53,SE,"45320,4",22,3,2021,10:55,
22/03/2021 10:53,S,"15256,6",22,3,2021,10:55,
22/03/2021 10:58,N,"5730,5",22,3,2021,11:00,
22/03/2021 10:58,NE,"11577,9",22,3,2021,11:00,
22/03/2021 10:58,SE,"45327,4",22,3,2021,11:00,
22/03/2021 10:58,S,"15243,0",22,3,2021,11:00,
22/03/2021 11:08,N,"5669,9",22,3,2021,11:10,
22/03/2021 11:08,NE,"11508,7",22,3,2021,11:10,
22/03/2021 11:08,SE,"45411,1",22,3,2021,11:10,
22/03/2021 11:08,S,"15258,8",22,3,2021,11:10,
22/03/2021 11:13,N,"5704,7",22,3,2021,11:15,
22/03/2021 11:13,NE,"11478,2",22,3,2021,11:15,
22/03/2021 11:13,SE,"45671,5",22,3,2021,11:15,
22/03/2021 11:13,S,"15307,6",22,3,2021,11:15,
22/03/2021 11:23,N,"5660,8",22,3,2021,11:25,
22/03/2021 11:23,NE,"11580,1",22,3,2021,11:25,
22/03/2021 11:23,SE,"45329,1",22,3,2021,11:25,
22/03/2021 11:23,S,"15260,5",22,3,2021,11:25,
22/03/2021 11:28,N,"5723,7",22,3,2021,11:30,
22/03/2021 11:28,NE,"11569,8",22,3,2021,11:30,
22/03/2021 11:28,SE,"45460,8",22,3,2021,11:30,
22/03/2021 11:28,S,"15251,9",22,3,2021,11:30,
22/03/2021 11:38,N,"5755,9",22,3,2021,11:40,
22/03/2021 11:38,NE,"11581,3",22,3,2021,11:40,
22/03/2021 11:38,SE,"45430,6",22,3,2021,11:40,
22/03/2021 11:38,S,"15063,5",22,3,2021,11:40,
22/03/2021 11:43,N,"5726,2",22,3,2021,11:45,
22/03/2021 11:43,NE,"11592,2",22,3,2021,11:45,
22/03/2021 11:43,SE,"45491,4",22,3,2021,11:45,
22/03/2021 11:43,S,"15017,9",22,3,2021,11:45,
22/03/2021 11:53,N,"5718,0",22,3,2021,11:55,
22/03/2021 11:53,NE,"11534,7",22,3,2021,11:55,
22/03/2021 11:53,SE,"45575,0",22,3,2021,11:55,
22/03/2021 11:53,S,"14764,6",22,3,2021,11:55,
22/03/2021 11:58,N,"5706,9",22,3,2021,12:00,
22/03/2021 11:58,NE,"11494,3",22,3,2021,12:00,
22/03/2021 11:58,SE,"45521,3",22,3,2021,12:00,
22/03/2021 11:58,S,"14557,5",22,3,2021,12:00,
22/03/2021 12:08,N,"5688,9",22,3,2021,12:10,
22/03/2021 12:08,NE,"11470,4",22,3,2021,12:10,
22/03/2021 12:08,SE,"45247,9",22,3,2021,12:10,
22/03/2021 12:08,S,"14214,9",22,3,2021,12:10,
22/03/2021 12:13,N,"5696,4",22,3,2021,12:15,
22/03/2021 12:13,NE,"11471,2",22,3,2021,12:15,
22/03/2021 12:13,SE,"45433,1",22,3,2021,12:15,
22/03/2021 12:13,S,"14179,1",22,3,2021,12:15,
22/03/2021 12:23,N,"5699,2",22,3,2021,12:25,
22/03/2021 12:23,NE,"11442,7",22,3,2021,12:25,
22/03/2021 12:23,SE,"45563,6",22,3,2021,12:25,
22/03/2021 12:23,S,"14039,0",22,3,2021,12:25,
22/03/2021 12:28,N,"5680,1",22,3,2021,12:30,
22/03/2021 12:28,NE,"11397,6",22,3,2021,12:30,
22/03/2021 12:28,SE,"45585,8",22,3,2021,12:30,
22/03/2021 12:28,S,"14009,6",22,3,2021,12:30,
22/03/2021 12:38,N,"5658,1",22,3,2021,12:40,
22/03/2021 12:38,NE,"11443,7",22,3,2021,12:40,
22/03/2021 12:38,SE,"45756,5",22,3,2021,12:40,
22/03/2021 12:38,S,"14063,1",22,3,2021,12:40,
22/03/2021 13:09,N,"5780,5",22,3,2021,13:11,
22/03/2021 13:09,NE,"11648,2",22,3,2021,13:11,
22/03/2021 13:09,SE,"46423,9",22,3,2021,13:11,
22/03/2021 13:09,S,"14595,3",22,3,2021,13:11,
22/03/2021 13:22,N,"5779,4",22,3,2021,13:24,
22/03/2021 13:22,NE,"11801,8",22,3,2021,13:24,
22/03/2021 13:22,SE,"46797,3",22,3,2021,13:24,
22/03/2021 13:22,S,"14843,1",22,3,2021,13:24,
22/03/2021 13:23,N,"5771,9",22,3,2021,13:25,
22/03/2021 13:23,NE,"11794,4",22,3,2021,13:25,
22/03/2021 13:23,SE,"46807,4",22,3,2021,13:25,
22/03/2021 13:23,S,"14824,4",22,3,2021,13:25,
22/03/2021 13:28,N,"5817,2",22,3,2021,13:30,
22/03/2021 13:28,NE,"11842,9",22,3,2021,13:30,
22/03/2021 13:28,SE,"46918,7",22,3,2021,13:30,
22/03/2021 13:28,S,"14938,0",22,3,2021,13:30,
22/03/2021 13:43,N,"5859,3",22,3,2021,13:45,
22/03/2021 13:43,NE,"11924,4",22,3,2021,13:45,
22/03/2021 13:43,SE,"47388,6",22,3,2021,13:45,
22/03/2021 13:43,S,"15375,3",22,3,2021,13:45,
22/03/2021 13:53,N,"5965,4",22,3,2021,13:55,
22/03/2021 13:53,NE,"11935,9",22,3,2021,13:55,
22/03/2021 13:53,SE,"47469,9",22,3,2021,13:55,
22/03/2021 13:53,S,"15502,1",22,3,2021,13:55,
22/03/2021 13:58,N,"5980,9",22,3,2021,14:00,
22/03/2021 13:58,NE,"11974,1",22,3,2021,14:00,
22/03/2021 13:58,SE,"47500,4",22,3,2021,14:00,
22/03/2021 13:58,S,"15507,0",22,3,2021,14:00,
22/03/2021 14:08,N,"6023,9",22,3,2021,14:10,
22/03/2021 14:08,NE,"12027,9",22,3,2021,14:10,
22/03/2021 14:08,SE,"47788,8",22,3,2021,14:10,
22/03/2021 14:08,S,"15555,8",22,3,2021,14:10,
22/03/2021 14:13,N,"6021,5",22,3,2021,14:15,
22/03/2021 14:13,NE,"12051,1",22,3,2021,14:15,
22/03/2021 14:13,SE,"47773,5",22,3,2021,14:15,
22/03/2021 14:13,S,"15601,3",22,3,2021,14:15,
22/03/2021 14:28,N,"6102,4",22,3,2021,14:30,
22/03/2021 14:28,NE,"12192,5",22,3,2021,14:30,
22/03/2021 14:28,SE,"47906,1",22,3,2021,14:30,
22/03/2021 14:28,S,"15554,9",22,3,2021,14:30,
22/03/2021 14:43,N,"6151,2",22,3,2021,14:45,
22/03/2021 14:43,NE,"12157,0",22,3,2021,14:45,
22/03/2021 14:43,SE,"48208,9",22,3,2021,14:45,
22/03/2021 14:43,S,"15666,2",22,3,2021,14:45,
22/03/2021 14:58,N,"6228,9",22,3,2021,15:00,
22/03/2021 14:58,NE,"12277,1",22,3,2021,15:00,
22/03/2021 14:58,SE,"48319,0",22,3,2021,15:00,
22/03/2021 14:58,S,"15654,0",22,3,2021,15:00,
22/03/2021 15:13,N,"6251,0",22,3,2021,15:15,
22/03/2021 15:13,NE,"12324,7",22,3,2021,15:15,
22/03/2021 15:13,SE,"48178,0",22,3,2021,15:15,
22/03/2021 15:13,S,"15667,5",22,3,2021,15:15,
22/03/2021 15:28,N,"6226,2",22,3,2021,15:30,
22/03/2021 15:28,NE,"12347,8",22,3,2021,15:30,
22/03/2021 15:28,SE,"48661,9",22,3,2021,15:30,
22/03/2021 15:28,S,"15689,1",22,3,2021,15:30,
22/03/2021 15:43,N,"6216,5",22,3,2021,15:45,
22/03/2021 15:43,NE,"12280,7",22,3,2021,15:45,
22/03/2021 15:43,SE,"48641,5",22,3,2021,15:45,
22/03/2021 15:43,S,"15733,3",22,3,2021,15:45,
22/03/2021 15:58,N,"6221,3",22,3,2021,16:00,
22/03/2021 15:58,NE,"12234,5",22,3,2021,16:00,
22/03/2021 15:58,SE,"48381,4",22,3,2021,16:00,
22/03/2021 15:58,S,"15782,4",22,3,2021,16:00,
22/03/2021 16:13,N,"6197,6",22,3,2021,16:15,
22/03/2021 16:13,NE,"12251,8",22,3,2021,16:15,
22/03/2021 16:13,SE,"48501,5",22,3,2021,16:15,
22/03/2021 16:13,S,"15747,1",22,3,2021,16:15,
,N,{{norte_verificada}},22,3,2021,16:30,
,NE,{{nordeste_verificada}},22,3,2021,16:30,
,SE,{{sudeste_verificada}},22,3,2021,16:30,
,S,{{sul_verificada}},22,3,2021,16:30,
22/03/2021 16:43,N,"6076,8",22,3,2021,16:45,
22/03/2021 16:43,NE,"12075,3",22,3,2021,16:45,
22/03/2021 16:43,SE,"48210,2",22,3,2021,16:45,
22/03/2021 16:43,S,"15707,3",22,3,2021,16:45,
22/03/2021 16:58,N,"6027,1",22,3,2021,17:00,
22/03/2021 16:58,NE,"11881,7",22,3,2021,17:00,
22/03/2021 16:58,SE,"46959,6",22,3,2021,17:00,
22/03/2021 16:58,S,"15517,5",22,3,2021,17:00,
22/03/2021 17:13,N,"6034,1",22,3,2021,17:15,
22/03/2021 17:13,NE,"11576,8",22,3,2021,17:15,
22/03/2021 17:13,SE,"46383,2",22,3,2021,17:15,
22/03/2021 17:13,S,"15383,5",22,3,2021,17:15,
22/03/2021 17:28,N,"5898,2",22,3,2021,17:30,
22/03/2021 17:28,NE,"11427,3",22,3,2021,17:30,
22/03/2021 17:28,SE,"46177,6",22,3,2021,17:30,
22/03/2021 17:28,S,"15225,8",22,3,2021,17:30,
22/03/2021 17:43,N,"5898,3",22,3,2021,17:45,
22/03/2021 17:43,NE,"11638,5",22,3,2021,17:45,
22/03/2021 17:43,SE,"45722,6",22,3,2021,17:45,
22/03/2021 17:43,S,"15018,3",22,3,2021,17:45,
22/03/2021 18:13,N,"5820,9",22,3,2021,18:15,
22/03/2021 18:13,NE,"12232,0",22,3,2021,18:15,
22/03/2021 18:13,SE,"46017,4",22,3,2021,18:15,
22/03/2021 18:13,S,"14479,0",22,3,2021,18:15,
22/03/2021 18:28,N,"5838,3",22,3,2021,18:30,
22/03/2021 18:28,NE,"12336,4",22,3,2021,18:30,
22/03/2021 18:28,SE,"47474,1",22,3,2021,18:30,
22/03/2021 18:28,S,"14611,0",22,3,2021,18:30,
22/03/2021 18:43,N,"5907,2",22,3,2021,18:45,
22/03/2021 18:43,NE,"12356,0",22,3,2021,18:45,
22/03/2021 18:43,SE,"48776,5",22,3,2021,18:45,
22/03/2021 18:43,S,"14894,4",22,3,2021,18:45,
22/03/2021 18:58,N,"5966,4",22,3,2021,19:00,
22/03/2021 18:58,NE,"12093,1",22,3,2021,19:00,
22/03/2021 18:58,SE,"49031,0",22,3,2021,19:00,
22/03/2021 18:58,S,"15245,7",22,3,2021,19:00,
22/03/2021 19:13,N,"6030,3",22,3,2021,19:15,
22/03/2021 19:13,NE,"12178,2",22,3,2021,19:15,
22/03/2021 19:13,SE,"48998,6",22,3,2021,19:15,
22/03/2021 19:13,S,"15411,8",22,3,2021,19:15,
22/03/2021 19:43,N,"6105,8",22,3,2021,19:45,
22/03/2021 19:43,NE,"12140,5",22,3,2021,19:45,
22/03/2021 19:43,SE,"48693,1",22,3,2021,19:45,
22/03/2021 19:43,S,"15122,3",22,3,2021,19:45,
22/03/2021 19:58,N,"6113,4",22,3,2021,20:00,
22/03/2021 19:58,NE,"12171,8",22,3,2021,20:00,
22/03/2021 19:58,SE,"48430,3",22,3,2021,20:00,
22/03/2021 19:58,S,"14882,7",22,3,2021,20:00,
22/03/2021 20:13,N,"6118,1",22,3,2021,20:15,
22/03/2021 20:13,NE,"12157,3",22,3,2021,20:15,
22/03/2021 20:13,SE,"48608,8",22,3,2021,20:15,
22/03/2021 20:13,S,"14665,1",22,3,2021,20:15,
22/03/2021 20:28,N,"6091,9",22,3,2021,20:30,
22/03/2021 20:28,NE,"12127,0",22,3,2021,20:30,
22/03/2021 20:28,SE,"48212,6",22,3,2021,20:30,
22/03/2021 20:28,S,"14477,1",22,3,2021,20:30,
22/03/2021 20:58,N,"6141,3",22,3,2021,21:00,
22/03/2021 20:58,NE,"12403,9",22,3,2021,21:00,
22/03/2021 20:58,SE,"48315,2",22,3,2021,21:00,
22/03/2021 20:58,S,"14348,9",22,3,2021,21:00,
22/03/2021 21:13,N,"6153,9",22,3,2021,21:15,
22/03/2021 21:13,NE,"12788,0",22,3,2021,21:15,
22/03/2021 21:13,SE,"48331,4",22,3,2021,21:15,
22/03/2021 21:13,S,"14422,2",22,3,2021,21:15,
22/03/2021 21:28,N,"6202,8",22,3,2021,21:30,
22/03/2021 21:28,NE,"12966,1",22,3,2021,21:30,
22/03/2021 21:28,SE,"47960,3",22,3,2021,21:30,
22/03/2021 21:28,S,"14389,7",22,3,2021,21:30,
22/03/2021 21:43,N,"6308,5",22,3,2021,21:45,
22/03/2021 21:43,NE,"12966,8",22,3,2021,21:45,
22/03/2021 21:43,SE,"47704,2",22,3,2021,21:45,
22/03/2021 21:43,S,"14343,1",22,3,2021,21:45,
22/03/2021 21:58,N,"6288,9",22,3,2021,22:00,
22/03/2021 21:58,NE,"12989,2",22,3,2021,22:00,
22/03/2021 21:58,SE,"47323,8",22,3,2021,22:00,
22/03/2021 21:58,S,"14288,1",22,3,2021,22:00,
22/03/2021 22:13,N,"6340,5",22,3,2021,22:15,
22/03/2021 22:13,NE,"13019,5",22,3,2021,22:15,
22/03/2021 22:13,SE,"46973,4",22,3,2021,22:15,
22/03/2021 22:13,S,"14146,3",22,3,2021,22:15,
22/03/2021 22:28,N,"6337,1",22,3,2021,22:30,
22/03/2021 22:28,NE,"12978,1",22,3,2021,22:30,
22/03/2021 22:28,SE,"46530,3",22,3,2021,22:30,
22/03/2021 22:28,S,"13987,5",22,3,2021,22:30,
22/03/2021 22:43,N,"6405,9",22,3,2021,22:45,
22/03/2021 22:43,NE,"12883,1",22,3,2021,22:45,
22/03/2021 22:43,SE,"46073,8",22,3,2021,22:45,
22/03/2021 22:43,S,"13808,5",22,3,2021,22:45,
22/03/2021 23:03,N,"6326,3",22,3,2021,23:05,
22/03/2021 23:03,NE,"12827,2",22,3,2021,23:05,
22/03/2021 23:03,SE,"44954,8",22,3,2021,23:05,
22/03/2021 23:03,S,"13411,6",22,3,2021,23:05,
22/03/2021 23:13,N,"6356,1",22,3,2021,23:15,
22/03/2021 23:13,NE,"12731,5",22,3,2021,23:15,
22/03/2021 23:13,SE,"44693,3",22,3,2021,23:15,
22/03/2021 23:13,S,"13274,9",22,3,2021,23:15,
22/03/2021 23:28,N,"6294,9",22,3,2021,23:30,
22/03/2021 23:28,NE,"12640,7",22,3,2021,23:30,
22/03/2021 23:28,SE,"43867,7",22,3,2021,23:30,
22/03/2021 23:28,S,"13040,3",22,3,2021,23:30,
22/03/2021 23:43,N,"6318,3",22,3,2021,23:45,
22/03/2021 23:43,NE,"12470,6",22,3,2021,23:45,
22/03/2021 23:43,SE,"43348,9",22,3,2021,23:45,
22/03/2021 23:43,S,"12894,5",22,3,2021,23:45,
22/03/2021 23:58,N,"6268,4",23,3,2021,00:00,
22/03/2021 23:58,NE,"12358,2",23,3,2021,00:00,
22/03/2021 23:58,SE,"43086,3",23,3,2021,00:00,
22/03/2021 23:58,S,"12776,2",23,3,2021,00:00,
23/03/2021 08:14,N,"5558,3",23,3,2021,08:16,
23/03/2021 08:14,NE,"11173,9",23,3,2021,08:16,
23/03/2021 08:14,SE,"42704,5",23,3,2021,08:16,
23/03/2021 08:14,S,"14827,1",23,3,2021,08:16,
23/03/2021 08:28,N,"5599,0",23,3,2021,08:30,
23/03/2021 08:28,NE,"11252,3",23,3,2021,08:30,
23/03/2021 08:28,SE,"43393,4",23,3,2021,08:30,
23/03/2021 08:28,S,"14575,1",23,3,2021,08:30,
23/03/2021 08:43,N,"5627,7",23,3,2021,08:45,
23/03/2021 08:43,NE,"11329,0",23,3,2021,08:45,
23/03/2021 08:43,SE,"43838,8",23,3,2021,08:45,
23/03/2021 08:43,S,"14694,9",23,3,2021,08:45,
23/03/2021 08:58,N,"5626,7",23,3,2021,09:00,
23/03/2021 08:58,NE,"11348,8",23,3,2021,09:00,
23/03/2021 08:58,SE,"44008,4",23,3,2021,09:00,
23/03/2021 08:58,S,"14741,3",23,3,2021,09:00,
23/03/2021 09:13,N,"5644,4",23,3,2021,09:15,
23/03/2021 09:13,NE,"11366,2",23,3,2021,09:15,
23/03/2021 09:13,SE,"44422,9",23,3,2021,09:15,
23/03/2021 09:13,S,"14746,6",23,3,2021,09:15,
23/03/2021 09:28,N,"5694,8",23,3,2021,09:30,
23/03/2021 09:28,NE,"11460,2",23,3,2021,09:30,
23/03/2021 09:28,SE,"44732,8",23,3,2021,09:30,
23/03/2021 09:28,S,"14833,1",23,3,2021,09:30,
23/03/2021 09:43,N,"5652,9",23,3,2021,09:45,
23/03/2021 09:43,NE,"11523,5",23,3,2021,09:45,
23/03/2021 09:43,SE,"44883,0",23,3,2021,09:45,
23/03/2021 09:43,S,"14912,1",23,3,2021,09:45,
23/03/2021 09:58,N,"5765,4",23,3,2021,10:00,
23/03/2021 09:58,NE,"11546,6",23,3,2021,10:00,
23/03/2021 09:58,SE,"45282,7",23,3,2021,10:00,
23/03/2021 09:58,S,"15002,7",23,3,2021,10:00,
23/03/2021 10:13,N,"5763,8",23,3,2021,10:15,
23/03/2021 10:13,NE,"11566,6",23,3,2021,10:15,
23/03/2021 10:13,SE,"45428,8",23,3,2021,10:15,
23/03/2021 10:13,S,"15071,0",23,3,2021,10:15,
23/03/2021 10:28,N,"5742,2",23,3,2021,10:30,
23/03/2021 10:28,NE,"11597,9",23,3,2021,10:30,
23/03/2021 10:28,SE,"45885,6",23,3,2021,10:30,
23/03/2021 10:28,S,"15275,4",23,3,2021,10:30,
23/03/2021 10:43,N,"5782,6",23,3,2021,10:45,
23/03/2021 10:43,NE,"11629,2",23,3,2021,10:45,
23/03/2021 10:43,SE,"45837,5",23,3,2021,10:45,
23/03/2021 10:43,S,"15308,1",23,3,2021,10:45,
23/03/2021 10:58,N,"5770,4",23,3,2021,11:00,
23/03/2021 10:58,NE,"11603,9",23,3,2021,11:00,
23/03/2021 10:58,SE,"45659,8",23,3,2021,11:00,
23/03/2021 10:58,S,"15336,6",23,3,2021,11:00,
23/03/2021 11:13,N,"5765,8",23,3,2021,11:15,
23/03/2021 11:13,NE,"11626,6",23,3,2021,11:15,
23/03/2021 11:13,SE,"45551,3",23,3,2021,11:15,
23/03/2021 11:13,S,"15342,5",23,3,2021,11:15,
,N,{{norte_verificada}},23,3,2021,11:30,
,NE,{{nordeste_verificada}},23,3,2021,11:30,
,SE,{{sudeste_verificada}},23,3,2021,11:30,
,S,{{sul_verificada}},23,3,2021,11:30,
23/03/2021 11:43,N,"5764,9",23,3,2021,11:45,
23/03/2021 11:43,NE,"11569,0",23,3,2021,11:45,
23/03/2021 11:43,SE,"45633,3",23,3,2021,11:45,
23/03/2021 11:43,S,"14913,1",23,3,2021,11:45,
23/03/2021 11:58,N,"5725,7",23,3,2021,12:00,
23/03/2021 11:58,NE,"11511,7",23,3,2021,12:00,
23/03/2021 11:58,SE,"45466,0",23,3,2021,12:00,
23/03/2021 11:58,S,"14466,5",23,3,2021,12:00,
23/03/2021 12:13,N,"5752,4",23,3,2021,12:15,
23/03/2021 12:13,NE,"11432,9",23,3,2021,12:15,
23/03/2021 12:13,SE,"45587,1",23,3,2021,12:15,
23/03/2021 12:13,S,"14118,2",23,3,2021,12:15,
23/03/2021 12:28,N,"5749,1",23,3,2021,12:30,
23/03/2021 12:28,NE,"11422,2",23,3,2021,12:30,
23/03/2021 12:28,SE,"45688,5",23,3,2021,12:30,
23/03/2021 12:28,S,"13956,2",23,3,2021,12:30,
23/03/2021 13:17,N,"5896,6",23,3,2021,13:19,
23/03/2021 13:17,NE,"11719,5",23,3,2021,13:19,
23/03/2021 13:17,SE,"46924,0",23,3,2021,13:19,
23/03/2021 13:17,S,"14583,0",23,3,2021,13:19,
23/03/2021 13:28,N,"5963,6",23,3,2021,13:30,
23/03/2021 13:28,NE,"11820,5",23,3,2021,13:30,
23/03/2021 13:28,SE,"47313,4",23,3,2021,13:30,
23/03/2021 13:28,S,"14869,6",23,3,2021,13:30,
23/03/2021 13:43,N,"6080,3",23,3,2021,13:45,
23/03/2021 13:43,NE,"11994,1",23,3,2021,13:45,
23/03/2021 13:43,SE,"47557,4",23,3,2021,13:45,
23/03/2021 13:43,S,"15224,8",23,3,2021,13:45,
23/03/2021 13:58,N,"6166,6",23,3,2021,14:00,
23/03/2021 13:58,NE,"11949,3",23,3,2021,14:00,
23/03/2021 13:58,SE,"47732,2",23,3,2021,14:00,
23/03/2021 13:58,S,"15319,8",23,3,2021,14:00,
23/03/2021 14:13,N,"6231,1",23,3,2021,14:15,
23/03/2021 14:13,NE,"12065,1",23,3,2021,14:15,
23/03/2021 14:13,SE,"48210,0",23,3,2021,14:15,
23/03/2021 14:13,S,"15375,4",23,3,2021,14:15,
23/03/2021 14:28,N,"6302,6",23,3,2021,14:30,
23/03/2021 14:28,NE,"12198,5",23,3,2021,14:30,
23/03/2021 14:28,SE,"48376,4",23,3,2021,14:30,
23/03/2021 14:28,S,"15543,1",23,3,2021,14:30,
23/03/2021 14:51,N,"6360,1",23,3,2021,14:53,
23/03/2021 14:51,NE,"12115,8",23,3,2021,14:53,
23/03/2021 14:51,SE,"48694,5",23,3,2021,14:53,
23/03/2021 14:51,S,"15630,3",23,3,2021,14:53,
23/03/2021 14:58,N,"6316,7",23,3,2021,15:00,
23/03/2021 14:58,NE,"12126,6",23,3,2021,15:00,
23/03/2021 14:58,SE,"48686,6",23,3,2021,15:00,
23/03/2021 14:58,S,"15681,9",23,3,2021,15:00,
23/03/2021 15:13,N,"6343,6",23,3,2021,15:15,
23/03/2021 15:13,NE,"12142,2",23,3,2021,15:15,
23/03/2021 15:13,SE,"48773,0",23,3,2021,15:15,
23/03/2021 15:13,S,"15692,6",23,3,2021,15:15,
23/03/2021 15:28,N,"6298,9",23,3,2021,15:30,
23/03/2021 15:28,NE,"12041,4",23,3,2021,15:30,
23/03/2021 15:28,SE,"49086,4",23,3,2021,15:30,
23/03/2021 15:28,S,"15736,1",23,3,2021,15:30,
23/03/2021 15:43,N,"6265,5",23,3,2021,15:45,
23/03/2021 15:43,NE,"12092,4",23,3,2021,15:45,
23/03/2021 15:43,SE,"48973,3",23,3,2021,15:45,
23/03/2021 15:43,S,"15805,5",23,3,2021,15:45,
23/03/2021 15:58,N,"6273,8",23,3,2021,16:00,
23/03/2021 15:58,NE,"12062,1",23,3,2021,16:00,
23/03/2021 15:58,SE,"49104,7",23,3,2021,16:00,
23/03/2021 15:58,S,"15774,0",23,3,2021,16:00,
23/03/2021 16:13,N,"6227,8",23,3,2021,16:15,
23/03/2021 16:13,NE,"11996,3",23,3,2021,16:15,
23/03/2021 16:13,SE,"49090,8",23,3,2021,16:15,
23/03/2021 16:13,S,"15790,2",23,3,2021,16:15,
23/03/2021 16:43,N,"6125,7",23,3,2021,16:45,
23/03/2021 16:43,NE,"11830,8",23,3,2021,16:45,
23/03/2021 16:43,SE,"48965,5",23,3,2021,16:45,
23/03/2021 16:43,S,"15821,7",23,3,2021,16:45,
23/03/2021 16:58,N,"6049,4",23,3,2021,17:00,
23/03/2021 16:58,NE,"11619,6",23,3,2021,17:00,
23/03/2021 16:58,SE,"47708,5",23,3,2021,17:00,
23/03/2021 16:58,S,"15631,1",23,3,2021,17:00,
23/03/2021 17:13,N,"6016,2",23,3,2021,17:15,
23/03/2021 17:13,NE,"11331,7",23,3,2021,17:15,
23/03/2021 17:13,SE,"47004,6",23,3,2021,17:15,
23/03/2021 17:13,S,"15511,1",23,3,2021,17:15,
23/03/2021 17:28,N,"5926,3",23,3,2021,17:30,
23/03/2021 17:28,NE,"11232,1",23,3,2021,17:30,
23/03/2021 17:28,SE,"46698,2",23,3,2021,17:30,
23/03/2021 17:28,S,"15300,7",23,3,2021,17:30,
23/03/2021 18:05,N,"5763,3",23,3,2021,18:07,
23/03/2021 18:05,NE,"11772,9",23,3,2021,18:07,
23/03/2021 18:05,SE,"46220,2",23,3,2021,18:07,
23/03/2021 18:05,S,"14532,0",23,3,2021,18:07,
23/03/2021 18:14,N,"5777,0",23,3,2021,18:16,
23/03/2021 18:14,NE,"11958,1",23,3,2021,18:16,
23/03/2021 18:14,SE,"46802,8",23,3,2021,18:16,
23/03/2021 18:14,S,"14607,4",23,3,2021,18:16,
23/03/2021 18:28,N,"5828,9",23,3,2021,18:30,
23/03/2021 18:28,NE,"12056,9",23,3,2021,18:30,
23/03/2021 18:28,SE,"48093,0",23,3,2021,18:30,
23/03/2021 18:28,S,"14687,0",23,3,2021,18:30,
23/03/2021 19:36,N,"6162,4",23,3,2021,19:39,
23/03/2021 19:36,NE,"12077,6",23,3,2021,19:39,
23/03/2021 19:36,SE,"49186,6",23,3,2021,19:39,
23/03/2021 19:36,S,"14923,5",23,3,2021,19:39,
23/03/2021 19:58,N,"6225,1",23,3,2021,20:00,
23/03/2021 19:58,NE,"11958,9",23,3,2021,20:00,
23/03/2021 19:58,SE,"49073,9",23,3,2021,20:00,
23/03/2021 19:58,S,"14624,0",23,3,2021,20:00,
23/03/2021 20:13,N,"6242,4",23,3,2021,20:15,
23/03/2021 20:13,NE,"11920,6",23,3,2021,20:15,
23/03/2021 20:13,SE,"48823,1",23,3,2021,20:15,
23/03/2021 20:13,S,"14365,8",23,3,2021,20:15,
23/03/2021 20:28,N,"6245,4",23,3,2021,20:30,
23/03/2021 20:28,NE,"11930,1",23,3,2021,20:30,
23/03/2021 20:28,SE,"48741,4",23,3,2021,20:30,
23/03/2021 20:28,S,"14235,6",23,3,2021,20:30,
23/03/2021 20:43,N,"6303,5",23,3,2021,20:45,
23/03/2021 20:43,NE,"12114,2",23,3,2021,20:45,
23/03/2021 20:43,SE,"49261,8",23,3,2021,20:45,
23/03/2021 20:43,S,"14245,0",23,3,2021,20:45,
23/03/2021 20:58,N,"6301,4",23,3,2021,21:00,
23/03/2021 20:58,NE,"12182,3",23,3,2021,21:00,
23/03/2021 20:58,SE,"48984,6",23,3,2021,21:00,
23/03/2021 20:58,S,"14061,1",23,3,2021,21:00,
23/03/2021 21:13,N,"6332,5",23,3,2021,21:15,
23/03/2021 21:13,NE,"12568,2",23,3,2021,21:15,
23/03/2021 21:13,SE,"48825,1",23,3,2021,21:15,
23/03/2021 21:13,S,"14118,3",23,3,2021,21:15,
23/03/2021 21:28,N,"6400,2",23,3,2021,21:30,
23/03/2021 21:28,NE,"12689,3",23,3,2021,21:30,
23/03/2021 21:28,SE,"48783,7",23,3,2021,21:30,
23/03/2021 21:28,S,"14130,6",23,3,2021,21:30,
24/03/2021 08:46,N,"5573,4",24,3,2021,08:47,
24/03/2021 08:46,NE,"11218,0",24,3,2021,08:47,
24/03/2021 08:46,SE,"44249,1",24,3,2021,08:47,
24/03/2021 08:46,S,"14471,0",24,3,2021,08:47,
24/03/2021 09:14,N,"5622,0",24,3,2021,09:15,
24/03/2021 09:14,NE,"11227,2",24,3,2021,09:15,
24/03/2021 09:14,SE,"44872,7",24,3,2021,09:15,
24/03/2021 09:14,S,"14506,1",24,3,2021,09:15,
24/03/2021 09:29,N,"5691,2",24,3,2021,09:30,
24/03/2021 09:29,NE,"11251,2",24,3,2021,09:30,
24/03/2021 09:29,SE,"45403,1",24,3,2021,09:30,
24/03/2021 09:29,S,"14587,4",24,3,2021,09:30,
24/03/2021 09:43,N,"5737,3",24,3,2021,09:45,
24/03/2021 09:43,NE,"11312,1",24,3,2021,09:45,
24/03/2021 09:43,SE,"45370,0",24,3,2021,09:45,
24/03/2021 09:43,S,"14681,9",24,3,2021,09:45,
24/03/2021 09:59,N,"5722,5",24,3,2021,10:00,
24/03/2021 09:59,NE,"11338,0",24,3,2021,10:00,
24/03/2021 09:59,SE,"45628,7",24,3,2021,10:00,
24/03/2021 09:59,S,"14745,7",24,3,2021,10:00,
24/03/2021 10:14,N,"5717,6",24,3,2021,10:15,
24/03/2021 10:14,NE,"11411,8",24,3,2021,10:15,
24/03/2021 10:14,SE,"45973,7",24,3,2021,10:15,
24/03/2021 10:14,S,"14933,6",24,3,2021,10:15,
24/03/2021 10:29,N,"5726,4",24,3,2021,10:30,
24/03/2021 10:29,NE,"11500,0",24,3,2021,10:30,
24/03/2021 10:29,SE,"46262,1",24,3,2021,10:30,
24/03/2021 10:29,S,"14990,5",24,3,2021,10:30,
24/03/2021 10:44,N,"5799,4",24,3,2021,10:45,
24/03/2021 10:44,NE,"11563,0",24,3,2021,10:45,
24/03/2021 10:44,SE,"46384,8",24,3,2021,10:45,
24/03/2021 10:44,S,"15114,9",24,3,2021,10:45,
24/03/2021 10:59,N,"5760,1",24,3,2021,11:00,
24/03/2021 10:59,NE,"11519,6",24,3,2021,11:00,
24/03/2021 10:59,SE,"46106,0",24,3,2021,11:00,
24/03/2021 10:59,S,"15163,4",24,3,2021,11:00,
24/03/2021 11:14,N,"5696,9",24,3,2021,11:15,
24/03/2021 11:14,NE,"11466,0",24,3,2021,11:15,
24/03/2021 11:14,SE,"46198,1",24,3,2021,11:15,
24/03/2021 11:14,S,"15239,0",24,3,2021,11:15,
24/03/2021 11:29,N,"5733,9",24,3,2021,11:30,
24/03/2021 11:29,NE,"11458,5",24,3,2021,11:30,
24/03/2021 11:29,SE,"46455,1",24,3,2021,11:30,
24/03/2021 11:29,S,"15092,5",24,3,2021,11:30,
2021-03-27T22:46:00-03:00,N,6415.044,28,03,2021,01,48
2021-03-27T22:46:00-03:00,NE,12066.3906,28,03,2021,01,48
2021-03-27T22:46:00-03:00,SE,44070.5938,28,03,2021,01,48
2021-03-27T22:46:00-03:00,S,11578.09,28,03,2021,01,48
